feature-id	frequency
d4293261f969d1719df17523ea95bf6b	1101
3f420e3044bea17fb92ed268e4098e20	1040
fc2d383d21b48085497b3fbcf645e2a0	619
bbd652e5ff95001adcd8c3b7baa80e2c	563
c6af11d7d0d0e28fc4ccef48492fbf54	428
d9d7947a84127a412e1ced268ee42595	405
2bc4545e8ba8a93ce7f824984dc47740	374
9f0a447610754287281cfbdaf811118c	324
97fb99e5d9a14c21682677576c7e7ce7	324
4c504d60055b3c38fb8c12fd496f6069	241
c11b1f4871d8109a5f0d613ed21a1a7f	230
3956bb273915baad193ef0232e963f46	209
3fae24b2a3ba5b087a2e4bafb86f5acf	204
ab2db9bcd6c42d0d3e07ff96c23ed159	203
c04a7b143dd55197c4b84e5d2377444a	191
119fcf605b3e8bd922cec6e7066cd75b	184
7f9f78329d7d595360705e17234b2024	173
cbaaa6f3097f403fd34de840dde78346	172
57c79dd3a6939085d70163b0de6ef3be	169
04fd283d5d4eb2e1b1aec3b808395871	167
5d757c7bb2ef61f39bd577f2f7883531	165
b3cf17005156a5850c0919dc6235973d	161
576d865b69a485d0022c429297ad8273	155
bde05a8725ffdf126f16f6de278780ad	153
76df388551090ae6dc8d4c444adeed42	152
673f1f347797712d604984ff058141e2	148
57a88653bac73428048d4f3977615417	146
5910d48d6f56e628b68b5a015848a24f	137
013690d0514e6b5f4766928244a0c978	135
de3858c32c5d5b3235ff57fbdf51ae81	134
d603be317239a393474278214144535e	132
520e6ba16e4e2e79d0bf891989d995db	131
b7e584c148c3c339a6f7fd7c81631405	130
b16f5c0b81497216dd9346406eac597b	125
49e92819d1e47d6d240a733ce493c3ef	124
a36fd5938fecf6487ae438c4f85c7a79	124
e431cefeb95205e02324c61bd06ced3a	123
1aad5203a67f3c28e24513c9cfb7d716	116
91ceb309a22e0a1a81fec08e061209c6	115
35a96ce775c9f72c7be258b41a9c3c2c	115
a89e9240939ac7ddfd5aa08576727a69	114
ba7b0a6f15052a1e0b38810b5d55b76c	112
009cbdab50cb5e00e6ef093482bdcdae	108
01f54ca43a466b054718d14101a17bb1	106
43c36c6f4abbdb87fe6a2c670dc8ab1c	105
237eb6e71aecbc40e2ea9de15a9cefec	104
f5826a7686d5893516354c0e7cd1ed9f	103
4e94e9c91d87069be209417cbff1a85a	96
4cec117d3e2883c5be244a6bb3ca9e1d	96
f54ba9878bce57cacfb312dba2d489b3	94
d9f4e3533b5437b4273d7e04e6533c82	94
c70c842aff42fffa64aaa6a8eff79e2c	93
9667921c1b1bf181472c841d80ba90b7	92
d169987bac1a64522c1444879570a792	91
5de294751803d57a3cc1370e40af2d18	90
a11af217323fff0db02cac25a66bfa22	90
14138033be2628cc40c8ea733ca0fdb3	88
382c2b1b9351881ab0e8f8608028d1b0	88
4a6be01a2e886eab3a0d45826002c5cb	87
6443bf243aa81475459d385fd2437453	87
4b4dbc668334d8d0873b2442f1fc710d	86
3d4f1e5db30c333089070783406b0cec	85
9438ee1e20a4d8d48194ab54b0af7c02	84
0ca0ba0858c21b5dd4e7a8a85e74d3e8	83
365298992e4051d4c7528ad508c9db90	83
c528ae5f67babe96f0bcb2eca3156c46	83
6cbec401b23170885c20426e91d30c2e	82
ee919a18110d01d83f4375cab3783d08	82
0811fc8c18074917f5f20615c221e05e	80
7f9dec3e514738ad0b6863e247d49da6	80
c88d75e8cb08fb0ebb1e385909469cc9	80
24a9a32bebb1aaaf22e73500f84bb519	79
88569260d2757e5c453040a95907a0d1	78
d41177a9b8a0d1fde9143ab503c0bf24	76
c7f9ee039b6248a6e34fc8d5ff7548f5	76
e87becd240084a955cca4907e252bfd5	74
29e1a8ecc6d0694e334d1ec935160bf1	74
33d8e7f67fd3c76aefb1ebd722c63a3f	72
fa4aa9bfd9c9f1190e8e55f0f01013fc	72
ca627e3b1950850839bf35ed2379a65d	71
ce935928f9949c0d97681d72b1b46e8c	71
489faf5a064d9e6764772cf91e717bbf	69
2058799dd5b205e794d44e494306e991	68
695bf22ed0fd8f7769eff4a0344360de	68
eac4b72fc3040f8e65cc63d5dd6a402d	68
4f303abace2e7a40dabc60245741426a	68
0736cd3f272693b5c39ae6168d97dfe4	68
b72aca35760609b7201a6582cc91ae8f	67
3b8ce0143ca0eb0550cfe3358dc54e86	67
b93cfec367adcefa1539e7da033e7ed7	67
dbba5677ec936b7da3b6c069362383e3	66
e38eeb8bd60fe8d004b20eabccf471a9	66
1a9941b6f4e8684206df1369244feec3	66
fb938cf9f38bf03f785a8b0316791f90	65
eda035239f367c6a38a13e44f82e22c6	65
4861eb2fa1551bc05bf46bc1a77ac15a	64
7c1a69ec58a91e3fdf2e9de0bc5eae02	64
5b9d749a44c4a3ca4172e551a10cce94	64
e75e4503b347ce16371cd10e6ec497ac	64
09de8e9ca45f2fbdd1f5eae4f1e6856b	64
cf7d2872d4f38783533b11f645d16e49	63
d300e4509ec66e1742146b0fbd465719	63
a6eaaeccc89ae1379b84b48df752e44c	63
188b00265e05db772d695d7326148eb7	63
14f120f194c0cd0794d9fcb30bbb485a	63
675061b2d625ba5a1c48c7763d0838a8	61
f3f0ee72f73234a7efbb31ea803bc90b	61
0a97389897fcdb251e47f61a037dc0a7	60
199963dd6d4acf8055c2247a1b9653d0	60
bf1f86436364bd11695e7a9b247c44eb	59
a7e370a70dff6e84af69bd9276bb966c	59
84c5300547dcbab40c8b971bfd094f4e	58
e9a44505ae093591673993524c8a4294	57
4779159794807cf7e086cbdc191c2c81	57
f923aecd1a134d6ef5478b526875f3de	57
17ebff7f532028dfcc5b8b295f0bd131	57
934aafcb2b241383d450fca20f54c2df	56
63a62fc5b0fefe793839ac62ae3e8107	56
f89206272c9fc07b95a35745777b2867	56
d03da8f1b8b0624af9cd75dc71a015a4	56
b3ac551579e5e3686fb03ea540815442	56
454d90abfc629ed2f957942a7d39f6af	56
9816a1b00fa7ecf118c9307e09f5aec2	55
a8d7118fc04ba8a8ba44b11abed370e1	54
152c632e30adb43822f166b24dac84f5	54
40b0c7a9c620b8aa449473a1d18251f8	54
aed08603daecbc7cd9eb55cb191b8b22	54
e1e0e72c518ccbeb2afe12f9727fbda8	54
bf969a6ffa789e9c660973fe6435e063	53
e8bcfe60327a747f2107fb12e80afd59	53
9e78894f1ea0f06519b9a4fc36c39904	53
b7b0815e572a32491ddce01fce481c89	53
39353f2cc70654bbb52b9bb027dbd8e7	53
663fb1ec9821bcb5c8e6f48ea229e7f6	52
228a2239934599a408b2fce5a9b559a4	51
9ef7dca66f7b5278972fdc6a95a1d7c3	51
1083b9bd7e0b615dff215da505e4c636	51
f94e45117ae528f6fb91d4c219c4885f	51
675287333c511d3ab9a125b4f5b53104	50
764e5b06cce9445a87165a0cb4dfdd8e	49
810e3c7b85a2da3576aef3bc9cb830b2	49
3725d82ed4ff504a9c7bcda8ce55f2f3	49
0be382086b178a6772fca08ee2530597	48
bfd9778d3abcbcce7d9208cb7db1d578	48
20a7bd6e22df5939448017ac1be7bcd4	48
95f466447ca27edd82dcd05568e2bd85	47
47f09c1f3e1c1dec5ab3e00195037958	47
f891fe5e490289d399189824e8cfa756	47
4d969cf0c0ac5734ec1939e323645370	47
b300f47f0401c217201eccd58cc7b3c2	47
c772bc0db24a07a73a4cf4515408c951	46
79d1e0f939419e41d10a240c0392e442	46
d7238e1fb3c8f28f956d22a6c88a1b5e	45
480b371bd3fd8e3d07e710ca8f1a06a2	45
f9f0ebee83aea4145721411df1372ee2	45
3bd98c7ee1686ac3f1396d0400baed89	45
1807d1a3597601b9682ade377a9d44bf	45
81ff99e38d447fbb1426312bbe78c714	45
8f1ef8f846eea6c98cff57dcd4cdf032	44
2bdbd99d0a05083249a5a6fb1d0696ee	44
388c809c0230910a88b0ca661f93030d	44
36d9a8e2c4ba3d927d209373783d1ccc	44
b539f041631d34f363117be897869317	43
6a3d2653a2a491d5cb3ebdcf5de80f68	43
f2cc4798e737b77938562fcb74ef7d33	43
a1b693472022fdf2e910f428a8e2fdf7	43
9da10fd7740af2d3b99d8bca62309db9	43
bdd519b0745179077c1da21fa5b723e0	43
fa91ae3f930f43a4e9cbf12ddb0c20c3	43
5f5f1262b92a3716b9603f098ee75197	43
f62634f3cbf7f072ac75a3b0915f7934	43
07e45dcc98d8f69f48edaac8736ad8da	42
cb8e00bed7d78a10e0a334c399e5c0b2	42
de30a0ddb88c3c50eef86a2a9e8b261f	42
79beda45036faf832b1d3b19e78954c8	42
b59a1331679fe35ea1f52c1ba3111279	41
6fa7382fc1ed4fd137d51a8c4854128d	41
77d20e3a10372859cebf669b95255d39	41
f4262b0c890a81a3f0b2c156beee0d67	41
c897280ff1f1fa6aa00b15d946f2bf1d	41
33f7a70b8936be3d1313c8bebccd1822	40
9842937dd0d51884358b1d1282ebf0ce	40
bc407ea787f972b4aad5f6e1c297d5da	40
31f121c16c36b8c09d613e61417d9cd1	40
062882aac2ef2edd53ad695a39adbac3	40
b113c8fbe2fb5e06b2aead483a59a01f	39
89c6d11306d601e52b47900bb5420788	39
5937ae8fb20271573a174823f9bce3ed	39
02d760007126a18bd797fe30788f81bf	39
bf62c3433c734e09837e339566e951c1	39
623f32b63d544964fa4a3451840c962e	39
00a6261bdd63237d29a8ca32b82f84bb	38
7e4802f670945ccaa5300664f1dc875a	38
1af1716a8c09e55bb4a66d61f0691db7	38
f2973db4d6f888d5eb22ae34d952a575	38
600c6a8edc5e57a61479e3ba328986fd	38
3f656098c462b2b4e02d687237b1c8c3	38
bd6b89c793f3ec4bc612011a2ddb4f39	38
7b5c6cfafb03e03b35916ed8df350978	37
770b418d3c65a151f620d2737c9c280c	37
a409d77c3db0df0f4712cf59d9793be9	37
71640e3ab304c1a32302bfda4eb22cf3	37
7690558d84dd18a1b565aa546fb7f7f4	36
bfb6e8264686d00f62e97d7d20b5d7df	36
48b114bf10f7f2277364457b94a7d5c2	36
f317d87b8a317ed7e846d2cfd72ed23b	36
7e9eb0acf89d8f67d4433e8dbfabbd4b	36
d3a1af1773c4843d9c1ba29c3d055835	36
95d5927858fbbb459f9b8d3f3db83efa	36
f0d716ae7f9c820ce1d20df1183bc3f7	36
0649cad21216e2d0f24dff9eb105ce44	35
bc7979140c0e9a1b0362c89fecb5fe78	35
273f9b90ba1f4949d4e912caa6e6a64f	35
887efa6c8f2efe8b10ef6cc91524f30e	35
437f8124a0f9c729f8670f3aa6ca0744	35
2b32742b64624f9957cba204bcf6eba2	35
b0c53ca038edba6cacab9c77c02abfcb	35
e0ad41b236e62f7d39b9f06e4529aaa6	35
2f820d55571ac6fe85a30410ffae845e	35
fe5f758ea662a8c2fbb35f3f8c378c33	35
f78d64b5be4eccdbf2a4f32fa03b73ee	34
b7faafb0ec71f17935154e411898efdb	34
293ed3f79b636251a308665b0417da78	34
77211549e763a7cfe3b45380018dc68c	33
19d2af7b904307568cca240713197400	33
b0c48c884a6b19f34f4a287ee156cf1e	33
32e8e297136166d0b037664bf2db9387	33
86a6829a7043b2c6d1562851abe994d5	33
51c684be6d2bc81ed242464926c1c927	33
335f8f0d768909223509dde5f3d3e1dd	33
acd971b7ceff7b177c40b76f1c7b65c1	33
a7904472355dd419fb710597105d5940	33
6e2fdbaa7907e6b582d6348c8f2eb55e	32
055fd693fefff372ec7e83501e41716f	32
f35e49392c9aeb4123579a4857d1b0a6	32
149270ca24562a2011c7d0ef662df401	32
78932745ad6edc0d6350fa1f1ad1bd0b	32
fce2a3508183423021cc940358259f97	32
2e0cd1d216347d21922f490947e9a7e7	32
92b951cb4c28bfc6a6c868005724ae66	31
0f5dc984087db85b4129d6399d493aec	31
ae92f810c957a205674383ea645edea6	31
35d37cb6ac033a0be8d20de5035ed080	31
7211c30c1d9c88409c1a554008806373	31
a723f60cdc7a8705ca13589526bd3c33	31
36af68fff9abd9ad37c5e2dcd3f6cdf5	31
7cb36029d9654519f2f9041c596a194c	31
3754d4155897b4e786b88f995b1bcf86	30
12fabad58ddfe46a402f9bff26e3aafc	30
705a4ae0f385a8239d3227bdf6ff9a78	30
6a8d352ef420a72ef9634b79e2d410e7	30
840fb2536c51d1e98bfc280c53c81431	30
b41e220def4543d9208c8364fa12b1cb	30
212c6f30a0913698839006df658c2eba	30
39d22d6912498052a566be578cdd3e0a	30
076a7b5d5ffd36ad02972396e931b30e	30
637a047098382cb8a809c2408df95866	29
cc5182deaee45cff786991e9ba5b6f3e	29
5ee87bd917b77d076b6ff2933454d213	29
ae9cab27d924291d2d7ad2ecfce65488	29
67c529c3a2dc58774043011a98f26130	29
8df9322b919e5d845575f3cd5916d196	29
a2c01057415628643323c5021cba161b	29
f7f852aae39a05da19a4a575c4fd263b	29
e3f1b7ab8cda2950d2912288ce3f7f8e	29
00a9ba8baf9f6ac182217bb2b174d64d	29
593b7f4391411dbfa16f96eee3cfa7b5	28
83b00764e2e1aadb8ea5ecb431d2ef18	28
12e3d9840d163fa8399e8f0941b382ce	28
03c18d4802ac5a1cefc714486fffbf7d	28
c9ac38b0fe284f2acecc51695f001cd9	28
1ad5b4a095313a037e2c215902d7649d	28
6a3a6e39a3a0537858a030b1d6e9abc4	28
33d2bc8492f1329d6e06abb3a1ca8163	28
3d0e092f7e86f6522b85956f421d65d9	28
1305ab5e22706bfa713f620044aae607	28
458806f30635ca4b505ea883fbd9e3b6	28
35b4d0e332ba0739b158bbb31f6fc3fd	28
e358c9718ac3afc525cdc8255dcf45b6	28
b21aee3f3614a21964455c52571128c2	27
0f3335ca61138d142fb0cb91072f709d	27
cf8cc28c3e5d44cc3d5c6002ebe86c60	27
adff6d3ed9f35857546a2d9f760d06e4	27
d65ed219ae25a8d341d2759d169fe19d	27
e6e80872df0ad6272f6cf23197298591	27
e8092bb8d2e78b075541b44a1b973bc4	27
e6d05f36cb472714a61b03945a7c141d	27
c1aa1299b472a76521b8e2091ade3fcd	27
31abbaee4fe1defef45e7cf8a9f84010	27
26e94b581420ce3abed5088519ccfc79	26
e257ce98cb7381be40d6edd8dad8dae7	26
db023881e1bd7ab35487a35f134ad346	26
872cbbde93fa370ac6178a50b65c2451	26
029524347cd809097a2a51b331259abb	26
c54a867a2256038e88a6659eae3d9f62	26
8d1f616070e78894a15bf3cb6cc34889	26
61620529b0854929340672e872165805	26
3cb5b8249ec73379f1f48943eb505867	26
0ded4ef4aca74b034c36409198c0be66	26
f122e33d04ad8eeedbdc7d4f438dab3c	26
f35b214a08398d37deb489a6aa66b3b4	26
577a6b34f35ad74930fe09fa9e6bedf1	25
b1bb027b07eed4691fac1dec0b40ad9a	25
c23b32d3442310eec884efe06d7b1675	25
62aedfd1828ae28d57217f9a29a6dd49	25
c6c93b62f901bd9939ba8ce5981f4d6e	25
8c804a21889df2eedfdbec1fa09a5360	25
06507fed7ef5226a06f0c65604d6d78d	25
16088f9954cff2b214ab6698276a3078	25
b37e9b35c6202bcc9b73736cc1ecd6b7	24
20c1964fde5de5db8bcfc629b3b7c4c2	24
946362bc325945136b4a27365a901fd7	24
9a8f75c35994027234ebcbae0d7a98cc	24
35580adc0bb870536bccfd355bab50f9	24
e17d128663e454cadf9df7b876fa27e4	24
70da2a18c836f637b8fc8c650d86baf1	24
2d1ab154091219de3bfe5fbf19b5a812	24
90e130782cc9f6035265b77d0ca0ce20	24
7478808efa6a5c5b04833e7f9f39505b	23
498ecd10ee01e778f837ac92219423c7	23
d509fce69db6a787483e192c2c123981	23
1b9dd01982a34e0d282b0ebf45365c55	23
b0b4483854695e478954440d2d0a2694	23
5e1ba36f9d1f39b0b25e00b4cc41fdaa	23
6cb9ae22f572fe1f7920583d5ded1235	23
997bc41259256cab31699a3f9cb17301	23
3ea83c1a6b575b80891661be7ee4b82d	23
c60ca69338442a7bd5d36f7c5643363c	23
deb20ea2305dde8895ceba66902fd31e	23
86d721c9d6f5405ad7304d3e6522226a	23
e1b6a0aac0d10dce6569c8f707a9c682	23
83a262bb5df6d61feddd7ab1c7f0a12c	22
0b58b1cfc000a9c32653374c48f11178	22
242717fd75866b302ab088ceb9fcbbb0	22
cccff1768022519b9e06f51ee40edba4	22
6ff5c2ed5a890e9fa31fce9cc4e926ea	22
11b61e4f1267f07ee251b9a3ead17ef7	22
a3c6459a8874842e394f4682e33e57ef	22
565e50a8de7426c48436b4f67d3fdb29	22
f523850567ed446809f4ecc501128499	22
01bc7d0cea7e824a860c8854421a8cf6	22
513bbfcad9c0a2ed1b88e28bf71ea460	21
3e1dc9f224c95748e175bc70de97e25f	21
d8167084b3387bd754479e32250ab3b9	21
3fd6e6a6c92a30d8c8a42f17cc0f9559	21
14ce19f5ccbd86788ae99673934e587e	21
b6b823ae92cf7d062bd783f38d307c05	21
2f5ca6e348c9133ac136c8993f7b3408	21
69d6865185c01de866ceae20b55e29d1	21
dc2939d6d6b0b310985f5277d278b61a	21
a03354f86f0abdcfa2c8728720c262e8	21
fa371579dbc2b20a6f0b3aecf609d22a	20
4930abc18bba8117554541a8412c4413	20
6fe41176dfc013d14e837e2a8cdb2827	20
5ef0c12d0ea94293aac9ed738e51551b	20
435fe6b45abe5a16033b7d7740bdf8f5	20
92f278fd6eaa1483a725de546a30cbd0	20
bcbc70dafb179a9b662d11c412684d09	20
838ff77fc23913a3dae9f4ccef20045e	20
d4bacbc9df23ed99cf8f5d57d45897a5	20
20c7842f5be7a9ac2b976478e30f0693	20
8195b426547ffe1e5eea6fbf6ed5866f	20
60a76158659fba24847b0abdeb4b01d4	19
8c90d4455b4bcce982b1669af57a4b30	19
10eaea6294b5b7ceebcc9862c3efca6b	19
61e995b53890a43113680410140692dc	19
201306df64acca5722ac09478a86b187	19
cc0a56a092b3a51a35fca2ee9417096c	19
02f55585b4ab5415fbed929fb66cb2c2	19
3ea8babb889a2f0fb7cd2f9b453f49c0	19
9533d37838b7a6345ae3ade3c653d4c9	19
5d4e611847953c18c825aee631da5c58	19
6421eb994a97a94d13635aa4168b98eb	19
ab3a42e5cda702f28ec590f8e3a66c4d	19
d98f64755cf14d3910bbd69298d6c8f5	19
6cbcfcbd2cfa8b37ade6593d5c6569f4	19
703f805aab62fbffe1294a3e16c3c06c	19
a4c912a962135626dbe1961d3446160c	19
624cf1d4a3aea760148470452142cf30	19
4744983e8d98298d6ec811aae919d889	18
5ee4a7e2e6ed4a9f6fe0d492a1d9ff23	18
447519ba43ccd6eb598fd952cdf9b6c8	18
cacd7780ee1e9d8e9d3ddefbd7ea85b8	18
a05db5b75982ce0a3b1a8349d4453ac7	18
c7d212c1daf989ddab78cd72367d4766	18
eb657e9ae41b4524f7b54e5864a8645f	18
a433559e43d8165ff81ef38e72843288	18
0e548d779511572163d67bd032b6f0ff	18
4cbfeef6fcf46e7a009051103ec118c4	18
926d6daeaa7d7ea3c9bb22dd8dc008c1	18
2696ea96f3ee33bde9afbbb6177b5380	18
377524189cc74b03ae71d1aaa3c27259	18
7d0540c4467d112ebc65101878a288f5	18
48fb4db02d573a9f9e7d37fb746095fd	18
1538bd9965f2402dde21345646dbfeb9	18
057b300439085418e87f896441836b7b	18
9e32f261f95759ee5db1e97890d8a0f0	18
9a22c35a80e0d617910ba27665111cb3	17
2bbe31035f539c113d122b06e72bfc71	17
626f145fdbcb26731b9ea245c99ef387	17
3cf0eacee99c360cea56dd349f68293f	17
52c1a5661d082dbfdd20f108304d346d	17
35f85ac11861194339d931cee2530682	17
0db0ef74a3c2c2ab38de3ff9895e264f	17
f0422d49267af9f7400d530d2a276e1c	17
5ad459b0a4cd698e335cf4796aa96b74	17
70ffe1a8c7893d391400fc47c441037a	17
3652a90ba0ca5671f871ed9748bcc58e	17
57761b12dae904758a3cba7471991fa6	17
116ecbd5c6024284f777585903f45c54	17
053d95f8680ec80cef015c659ccb1881	17
c5324e84590b4c5498be469f7167b5b5	17
c69d33b89abcb2b22c7d8e2cac8bcb0a	17
4b5d795933a4c8f97d3c12337ce8646f	16
2a3bf01d5aa964a7d69c805383015e85	16
94ba24de4e6e68b6877d78cdd5d6c62f	16
75a1fd2d2a656ca3ee8596e24cedf4d3	16
53ef07851a57b8c480ccd6820a027546	16
4c31780e325d1071d522d0fc67f4f79d	16
bb250bbfa32a93a34ed9812906e3dc45	16
8b519f267281f57a24b4fd1e0b6ad504	16
c5843bb7f346ed67fdd503378c22fafb	16
410b3437174e292d3b6cbfb2f2ac548c	16
cbaaaa473dbb4aeb3900ea64f147ca3f	16
73f952c617897dbd0261268552b5d700	16
9768630c5950c3279265ac3a0a016d50	16
db7206244fe1d6d96e24ff1b9085cf8c	16
be574a7ee9682d04a72f8022093b2974	16
3652baba66b0d23195e6e62235606412	16
6cff0444e0c56e34a8ff96c7172a1b0c	16
c447b6933993d6605ca9a710e681af9f	16
8bd2ddedcb722c9384100488275362f8	16
84213a5943fb24b513566a2dc81d2cf2	16
9a8c984b45dda3c3ef09d265cafa50bd	15
6ed5919247f70004a34863de333f592d	15
b1cc62f1757c72e825d9337dd234a2cd	15
c8e162954d94d176b545ed93797a5d49	15
9211e2b6c45da12b3704637a84d7920b	15
25a10c4d309e8cabb3487c9dc30ee1be	15
4e993f01ab0c1bc3cee5d62b2bfc9fc8	15
4432be7a456917893580c8e3df63e137	15
23e11fc04a63090c9fc96e25326ed829	15
d38b0d644da901126c20ea8e531ca36c	15
be4ce0502c32a4481734d2c035c195d8	15
94b06f36dce09d36832ea61e85117457	15
9b5d9356a7bff966e29bb18d4efe286e	15
5689a632971e0a022797525200b8cb43	15
08988e58ee4423ecfe06febc88c99177	15
2d7b7245ddaba15d22fa1609f2dbbc52	15
5daaab37c6af9957e9df6e0c30c597fc	14
d9a6fa8c6d435c97aab876099221fffb	14
9b2083ddc5060325231c067ae7c95116	14
8aba407eaa74bb8f1ed6f9efe0cb20b9	14
d083f7b8c7002d492fc20c4203018570	14
1fa8a5cf8cf32d18a7e449373f49b274	14
c5c3b8312ee84d21a81d2297a57b91c2	14
4d77abba45c485abeffbb1d91d152718	14
f39c53460084bbfe3499d2babcf5e30c	14
9cc4119cb467351f90d9ba8cb444ec7d	14
e8cdf218fde9081cbc317725dd043dd3	14
cedd99d4d2b9613ecd324ff0cd5637f5	14
9c3f5be88c0f8eb4a6cc5100ed342086	14
cf764b824f9808c9fe568e9578e9f345	14
5d60481a70bdcfd0856154b5f7f772e5	14
154978bf699009ff8a7f9b730e6075b2	14
d5518d343bfb6c66ee7860833d516688	14
dd9cdd9fd1ed00ef14fcf60a5406a58d	14
31ad781c07b69365a1bd05294edac63f	14
7fb2c8e248d9f6baf76cbb3d0800bf22	14
3ca3f832b30d67e278d062fa912d37ba	14
982668190fb6bcc57c41acc8273963e1	14
7077b225dae059c707340a48d964b890	14
442c82127665c8ffab987965974dfa75	14
78293c35181e3321b3593d68b99373c5	14
5e576e99ed86d5462c8fca826aaf8e2d	14
0d1cf319fe9f4a309ca993ce09046877	14
7f90225acc8f3c08202681a035fbad0e	13
c69dab066a1893aae47b03c0e284f1d1	13
9b3c9f9b1adf05eef7268575266c14c9	13
9d5e7398c801ea2959fc0393d59f790f	13
7de96251b1ffbe3b792bfabbd0af743a	13
7acdcdca3c690331540039ef03f0df3e	13
b1060214733a6056cea366c05890fcc5	13
7f9a786b8315cdb0494035cfed6362bc	13
9a41f199e23d6ff2ae54613d6acbcc7a	13
0b27496e9d808834d7d1654b5394b1ef	13
18ec6fdcb331595c2ec70c497c55fa89	13
bbca8601346aab812c3e8ed102abe974	13
4a9fc96445c588973191d46738b2ff22	13
7bdfdfacc2a4c2dfb503b86b553b5530	13
462592ffd86ef4318d54f9e31e6c1c59	13
018f1c979e847f63881b53da39035372	13
177e30fafa76a0d21870f5dd89055682	13
613722ca8cd881f05ee963fe1cc74b0b	12
19fd45fdc98028d9c666e1cf546a6a94	12
9b72a188dbbbbd9ac936b7456b59f86b	12
b9313c52d2a91b265034cdcedf587418	12
c77294a8ba7de0e3f51bcfee79cd0dbf	12
7bb51637f557cc1840746e575447b2a4	12
90dc30e3948b71271a1e61548d101625	12
729b0d7b79fb2aeadd297b332ef9c9ec	12
070598c0f51efa3d3e723045854d6cb0	12
ea7b8cb43b1fa08ee2ef0a007ea64ee0	12
a35bc328cdf2f0e1168f3ccca640759d	12
a12f488694c04cdbfa5f065463a2eba3	12
36d6e92b28d9f09676fc30ad64e9ddb7	12
db40b8e9ef02fe555656d83d50f7092c	12
0d1e22a402fd6a0db172b58773bd9cd7	12
610158f7d727ecd27b0cf6fd1861a37e	12
94b143677ce23923cf850c94e96a54ce	12
4e4eb7640288f55b0552b8fdca0e94a7	11
88343160ac0a16e1bc71f6c9f0ffed3f	11
dd0d660798fada7fa9a38cac71e9d485	11
abe5b02d93855532dcfb596a021b5501	11
ed65d804f592f2ea856c0bd34100413d	11
baa108bb922f475b90783d8502952666	11
fb6435513b7327d1a9be564a69a5e378	11
502faa03569f6d76152c2f2db225716c	11
edfda9e831f4b952d7896670053c324f	11
5bf267bf2e0a41ec0aa08b6de1d6c7f6	11
05ce6a1f2e5cb87fa85df379440c7c53	11
8be13cd9c1608004ca392d3dabaf2c53	11
630de4498b34ee435b6a96f9d8d3b0e2	11
6de5668fc2cb70b251b38fd37c2a2058	11
9fb5a8c41507798de37246cdcce516f1	11
8fa9654326cf47826498cc2a40df1d7e	11
4a482af103dc619f7e8a82b07436a012	11
6d26bfb7f1b85a2b4cc0ab4bf85af1bd	11
eebc0ecd6dd1eb01d80944edd9051d77	11
fa9846cbd563a46daec86249ca978822	11
72dd3fc2820277f92974d2c58d999a22	11
84690c8bc77c86868b8bdcf789966128	11
87dcf85d182b3826deccff1bf51b5b5f	11
c248467ec4a2951b81224372b3069bd1	11
a24a4e5f68a7f0c25dfa343efec6425a	10
f4e53766fe3e3099a06f5499bd18d45e	10
147df4a327bf606c4dc1631abacbf28d	10
8afc109cdafd7122d871f9eee558ea3b	10
c620093455362c5463e0ce308e2585a3	10
232a8ed92d2c44d4af7144847ff57cd8	10
0fbc5ed44e9ef931acfe7e2aaee66537	10
a80e8f2c888805529b1cd0b99e308d2a	10
39f3f0013aae1e4a0b14bb39c3181983	10
8c8f50aadac2410fcad207e28c98f85d	10
c8b00404b8b0ee0e5be19492261cba27	10
319f87d273e6c83047027956cecddf08	10
bb525faaaa8b3705e3378c518a016c16	10
d0c40e71e8e0e9c4f44bdc9813952c41	10
c42ed8977b8492871bb21bf9a40a8f77	10
474c472037f4ca4d12a5cca5ffee7fed	10
336f20128fbcb20cda68d6d5d1ce2f48	10
76fc82361e4740330f6d224c08d97673	10
e7b9523b7743fa191720055108f8851c	10
323adb8446501e80727577fa862d5c00	10
700843e72be9afb0dd76a910925dd15d	10
05f92d8fba231a085d000afe66d93980	10
19d71a89b69db2f19da60647341b6501	10
a0249d57a86ba86558e1fb68c4aa328f	10
cdc501346baf22948bb31161fef7c1de	10
1691bce3c7da2698f880ebf0e6b58be8	10
6f891dd331d84ba5f2bcc8f98b70cd01	10
a11c1c67d33bef384148bbf1f99d1bb8	9
b9d443f468b991d9905bd2fc56e291b7	9
146ccea45f7fa2538c609b694487bfe8	9
1497d827997e0f4d32683eca6382393c	9
755d0d2e29a5dc14b105998a847c7795	9
4e5d2b8afb240163d6c4746fef453f98	9
f743baf52492ba39020920174dda7674	9
093b5e05c7000f77658b36622b728de0	9
8b285198e287a32dc873fd952c9fcf7a	9
ea635020666cd5fb68b3a6aea3dc5ad1	9
f102193efd6f0fd364bff7822cc7b868	9
1d81b2bcd6e274fba92ee0d45d89bd7b	9
82ccb8f07656c7399e401409936a416e	9
97181bbfb98d0da7791bc05a7d51e0f2	9
598bf6e333ac4e0f8445c4506ff3773c	9
fedbe1751ce0a4b247abde21234bd8a0	9
bfb9c8c63f77b656210bd2fffcd1f2a1	9
17f08f96b2e881d44cf50dcf10b3faa2	9
47d6d415c982435b80fe2b659d56748c	9
4008598b3a8b68e08b22a5ea214065c3	9
5650c65b404344663743ffb907131495	9
a6c1e559c558c7abf0cbb6aec3de8c86	9
b1f7b8679849f9b7bd4f56af528712f7	9
550a7853b7cb4b3a290bc4d2038ac501	9
8c08bbcd7b814bd97ec09573d7888a0d	9
8852ea00c4cb7d09a0567fc0e3c119b8	8
7e07293e46dd1eba8505caed2b610811	8
e5934932e6c7050fd6e9ea448514b920	8
fb9a90e6d7f62683281729b42c2dd75c	8
9583af9d6ed89134eeb67a94fc3dc7ee	8
0da7bdb0756c86f3fab4e8a9d8ab4de6	8
63e4169157df689095fe4e063dc1f3c9	8
0f70dd798619722c86f212332803591b	8
e0a43033d0f4ea6018f7a288263c0221	8
bdc65ef2ed0811cf6e5fadb9e298d39b	8
befb9a046d5092ab5dc1dc751799e91a	8
a2083727c69711903febc91056f058ed	8
5aafe6cdd91cd1a4111925870e0be3a4	8
69d67f0c71d031d10fae7c3acbc4a366	8
9c3a5e26e1b168c1f5985125b0a26426	8
5738d021d07b9d8291a9b4915eeff67a	8
e25f9b07be95d453866ae0c0aaec63b2	8
13575a0b0dd3b6bcc98d9f93b24ed290	7
1e7bcd1c77517d4c5ad523a634ebaac4	7
ab6613d6997ce5fdaa42597b9f1782f1	7
17bd0316873f305e3c2408e76aef56a6	7
f70c0c86b1773e694c19c787ba3bfeae	7
5b9078f594587f29cd2a8a27abcf939f	7
8df4aa104bbfe4916d203afa2b253b93	7
51b34e82067890358a412bf18f0d3e12	7
d46c873b70bb238889ae3e4d501bdc94	7
ebf554bf243fc12bd82fa18f883b5ce9	7
6aec937ebefd86caa09c23d7406b1b19	7
1b5c22fa3311909f4265e78c86d9cb44	7
7abf9fdea3b1d3519e82b35f313708fd	7
df59428756198bea5a7992b34b5fe137	7
596c431c2d2f7fc1cd565453eb3e9cbe	7
1e55ddd5a540a1e43244857b2fb4f4ca	7
86dbe87e147542302b1f008d63f8ed77	7
2c6484d0912cf86ae38466ddd10f900a	7
c1a4c2e8dcebb7aab34fd7d473757b16	7
cb429005de4f2a01f2fb2aabef91a2ba	7
9b11aa813abbe083e8250432cfd83388	7
9538813964e65927ef7119a758a968fe	6
e551de14a71e82da247b015d9deae174	6
0935d04f93358c46f6499d09b89dce38	6
9f44f77373e976a8ece56210cc5dea11	6
04652a7e51f25b0013e22a2c0ddd89c3	6
ff0bdd221b71050193144f8a33e1559d	6
992ee3baf5dd59cc219ea22fd792f29c	6
4145192100ab2726a68c7748ec346b1c	6
dd6e807b7483ded06d71bc6685d67dac	6
2724521fb3d985a05634359755bfe550	6
2f45ca8d81e6d77ecc38b711eb94264a	6
6203b6f46aceb15d9bebb33487acfab0	6
7623aea52ea421da2b4d7163490dd4fa	6
66f0c2a6de6c555a540dd48983381a48	6
3eec958b3287d2bdad789f81e3b760a1	6
4b175f2df9a0ce6fd2f22984a3633f12	6
8e33f31ac4239a0c9eb9d3d315b291a3	6
915da0f37f584570a932106a7d1a2c5a	6
d2118f9793455732747369a47c416948	6
0ea7f0e382087fb53cb2a1426c182c64	6
344b920286a03dbba9692e6c73f5a159	6
5e757eaab7a6daa932b4f83770b3a409	6
d40a6e170a99143d485c6fd184f60c5c	6
2e0b3bc76422d4c947fbda0c3262354e	5
f6528aba02a5359a730728402f4a035a	5
bc359bd28437449f5e00e7145610e363	5
3ee547ce492b60df5263887366924b68	5
c9c2b2d28f54bd32155516469acef55d	5
7cb280d07c4d1fc90d1b35c01782bd56	5
c9501bd08a69cf97286bb3d16f78479a	5
cb8eb672e581fc4c3b12c70554edecc7	5
50e7c02f44233b66ebc5832e34cb2ae3	5
346f24c50fc20130f776465a01a7b65d	5
a4d0fd70f71d751497e2ac628baf5bc4	5
0c3fd156f1db9526a7a6110ce5a5d998	5
1418f6143fa25903468e134770b58ca2	5
d51b9c8b8a742a0ca72d4e2ed260c689	5
86c88338bb238ef5783b156e074451a4	5
180fd94447d4ed55e358f45f287a6743	5
2a7de9b420a4b732e3637e406a79b825	5
7e20421866f828fb3921e0f17e428d8e	5
35f0278fe7302a5780ac5d5bbc07ea2d	5
b5ff7b62545d620be1f84e058b3efb94	5
664d23505c8b52a8c7392980396b2549	5
a9fd8439b3199c25970cf072660d51fb	4
dcdec7157aff4000e93c93e757244f4e	4
481af9a95e744b226248fd08cade2066	4
f29d0266227a59070383f4832dc01e6d	4
f7e0af02122f0ec2a06a7faad0e1dfd6	4
8d749718e0eceee0f59f901ee837da42	4
3a1965a8562ba4326e7c84f0ed89e48d	4
e9f51777442827b8cf354f7886142c2a	4
41bf7d8da83d4e41892b1542999c8129	4
b0683f7281c7bf507d3fa58fb1f1e77b	4
b25b168d4c18913893f519008653b15d	4
fe5e9f5a97285c40f08b90cd957ab9ef	4
77c62842b22ab26a915614b4b519f40c	4
228a4018c63b49963b846f0a10aef967	4
af413696038fde6dbab5d6a9b8a89b3e	4
1962ef5b47cf8f63b03054141fc7357a	4
eb4a487f1bf45df4e0b6fdf9b46e065d	4
b0f7eef944c4b686b66e23068d83894c	4
6746601e585fd35d9e119fc17580d522	4
6349f3cf75e05f3a695901e58e271d5d	3
918193b4173797c2f3bb4fa5d240160f	3
4f1ac69adef870707924308d459ec892	3
7016dbf0b7f156db964f553cf5c80a06	3
1154458e094672f28773d9671860aba9	3
1c1821c0ce1b651ea760750d884504e5	3
6df308a79ca52a2510321c161d4f4369	3
c4bcfa8e501d1ad78afb4d71570266d7	3
473248314b50b8a91f5034d70732a2be	3
c17a098d0a70460f1faeabb046e41ee0	3
9121e657e8f37d054dff97df3758abac	3
d649c9e3f88ec51f43fcfbdc8a72505c	3
c34709b3e2cb3189f83aaa36d195d62f	3
11cd3ffd2321a3d3335c76e91bc5811c	3
455b63bb4f6139de1acf5b08f4d88664	2
64eed706ffd6f76ea2f722ebfcd0a4fd	2
003dbc4bc5a3b93b317129dbdb338b07	2
c9356f65c17a0e9f8122c4258bfd2b8f	2
7bb6a8246bea1b2135b47281a15cfab3	2
8c9a4d3dbfe14bb972d0c5cddb224883	2
2b76377410bce31a42febe0d14789b9c	2
acce39e3a70a1b26f1a50e3e1c716642	2
37ade73c9045581bfce87dc3140ec7fc	2
6fc2dd7f7125174e113104a3b326900d	2
38fd55219b737d60f45c5965801ac033	2
da957fc25a79a07d697e39d62271298a	2
f0ee5f16485a08783c044da20b663a03	2
e19df11426aef8df372e1dd8bbe50619	2
